{"cameraMode":{"drawMode":0,"name":"Shaded","section":"Shading Mode"},"sceneLighting":true,"audioPlay":false,"sceneViewState":{"showFog":true,"showMaterialUpdate":false,"showSkybox":true,"showFlares":true,"showImageEffects":true,"showParticleSystems":true},"in2DMode":false,"pivot":{"x":32.45999526977539,"y":19.796485900878908,"z":-11.83539867401123},"rotation":{"x":0.03626835346221924,"y":0.9498505592346191,"z":-0.286356657743454,"w":0.12030468881130219},"size":12.121317863464356,"orthographic":false}